 {
      "angle": -30,

      "direction": "forward",
      "start_timestamp": 1742846416.10523,
      "end_timestamp": 1742846421.819879
}
