 {
      "angle": 0,
      "direction": "back",
      "start_timestamp": 1742846330.812653,  
      "end_timestamp": 1742846336.645708
    }
