 {
      "angle": 15,
      "direction": "back",
      "start_timestamp": 1742846292.807897,
      "end_timestamp": 1742846298.126611
    }
