 {
      "angle": -15,
      "direction": "forward",
      "start_timestamp": 1742846380.263202,
      "end_timestamp": 1742846385.773405
    }
