 {
      "angle": 15,
      "direction": "forward",
      "start_timestamp": 1742846272.390622,
      "end_timestamp": 1742846277.826079
    }
