angle,test_count,avg_detection_rate,avg_depth_mae
-30,2,0.6017699115044248,931.1105356689623
-15,2,0.4746453153532799,896.305510802822
0,2,0.5022182786157942,511.67330009653824
15,2,0.6682692307692307,723.5462510391072
30,2,0.4290009250693802,780.3524012794998
