distance_bin,detection_rate
0.125,1.0
0.375,1.0
0.625,1.0
0.875,1.0
1.125,0.9662921348314607
1.375,0.6266666666666667
1.625,0.47761194029850745
1.875,0.4722222222222222
2.125,0.4375
2.375,0.45588235294117646
2.625,0.46551724137931033
2.875,0.41379310344827586
3.125,0.3068181818181818
3.375,0.30357142857142855
3.625,0.06666666666666667
3.875,0.015873015873015872
