 {
      "angle": 30,
      "direction": "forward",
      "start_timestamp": 1742846101.565591,
      "end_timestamp": 1742846106.460499
    }