 {
      "angle": 30,
      "direction": "back",
      "start_timestamp": 1742846201.030974,
      "end_timestamp": 1742846211.54098
    }