 {
      "angle": 30,
      "direction": "back",
      "start_timestamp": 1742846199.487723,
      "end_timestamp": 1742846211.54098
    }