 {
      "angle": -30,
      "direction": "back",
      "start_timestamp": 1742846437.008617,
      "end_timestamp": 1742846442.189815
    }