 {
      "angle": 0,
      "direction": "forward",
      "start_timestamp": 1742846314.517409,
      "end_timestamp": 1742846319.299747
    }
