 {
      "angle": -15,
      "direction": "back",
      "start_timestamp": 1742846397.143757,
      "end_timestamp": 1742846403.608515
    }
